{"content":[{"id":"6f0d3e97","settings":{"background_background":"classic","background_color":"#F85C70","padding":{"unit":"px","top":"0","right":"0","bottom":"0","left":"0","isLinked":false},"structure":"20","content_position":"middle","background_image":{"id":2419,"url":"https:\/\/www.radiustheme.com\/demo\/wordpress\/themes\/classima\/wp-content\/uploads\/2022\/06\/home4banner.png","alt":"","source":"library"},"css_classes":"has-placeholder","rt_section_parallax":"yes","background_image_tablet":{"id":1969,"url":"https:\/\/www.radiustheme.com\/demo\/wordpress\/themes\/classima\/wp-content\/uploads\/2020\/04\/shape4.png","alt":"","source":"library"},"padding_tablet":{"unit":"px","top":"30","right":"0","bottom":"50","left":"0","isLinked":false}},"elements":[{"id":"53032eaa","settings":{"_column_size":50,"_inline_size":30,"padding":{"unit":"px","top":"20","right":"0","bottom":"0","left":"0","isLinked":false}},"elements":[{"id":"2934d2cb","settings":{"animated_image":{"id":2418,"url":"https:\/\/www.radiustheme.com\/demo\/wordpress\/themes\/classima\/wp-content\/uploads\/2022\/06\/hero4-shape-1.svg","alt":"","source":"library"},"img_left_position":{"unit":"px","size":0,"sizes":[]},"img_bottom_position":{"unit":"px","size":-20,"sizes":[]},"img_alignment":"left","css_filters_css_filter":"custom"},"elements":[],"isInner":false,"widgetType":"rt-parallax","elType":"widget"},{"id":"7595f0e0","settings":{"image":{"id":2420,"url":"https:\/\/www.radiustheme.com\/demo\/wordpress\/themes\/classima\/wp-content\/uploads\/2022\/06\/hero-promotion-girl1.png","alt":"","source":"library"},"hide_tablet":"hidden-tablet","hide_mobile":"hidden-mobile"},"elements":[],"isInner":false,"widgetType":"image","elType":"widget"}],"isInner":false,"elType":"column"},{"id":"aef3290","settings":{"_column_size":50,"_inline_size":70,"_inline_size_tablet":100,"content_position_tablet":"center","align_tablet":"center"},"elements":[{"id":"4c6bcdab","settings":{"theme":"dark","style":"3"},"elements":[],"isInner":false,"widgetType":"rt-listing-search","elType":"widget"}],"isInner":false,"elType":"column"}],"isInner":false,"elType":"section"},{"id":"516b565d","settings":{"structure":"22","background_background":"classic","background_color":"#EEF2F4","background_overlay_background":"classic","padding":{"unit":"px","top":"70","right":"0","bottom":"70","left":"0","isLinked":false}},"elements":[{"id":"697960ab","settings":{"_column_size":66,"_inline_size":25,"_inline_size_tablet":35},"elements":[{"id":"8a2ffae","settings":{"style":"2","all_cat_btn":"","top_cat":"","hide_empty":"","_margin":{"unit":"px","top":"0","right":"10","bottom":"0","left":"0","isLinked":false},"orderby":"count","sortby":"desc"},"elements":[],"isInner":false,"widgetType":"rt-listing-cat-list","elType":"widget"}],"isInner":false,"elType":"column"},{"id":"3dc0ebf7","settings":{"_column_size":33,"_inline_size":74.66599999999999681676854379475116729736328125,"_inline_size_tablet":65},"elements":[{"id":"36150330","settings":{"title":"Latest Posted Ad","header_size":"h3","_margin_mobile":{"unit":"px","top":"60","right":"0","bottom":"0","left":"0","isLinked":false}},"elements":[],"isInner":false,"widgetType":"heading","elType":"widget"},{"id":"4c9eb665","settings":{"col_xl":"4","col_lg":"4","load_more_btn_display":"yes","style":"9","field_display":"","type_display":"yes","views_display":"","number":9,"random":"","orderby":"title","order":"asc","col_md":"6","cat_display":""},"elements":[],"isInner":false,"widgetType":"rt-listing-grid","elType":"widget"}],"isInner":false,"elType":"column"}],"isInner":false,"elType":"section"},{"id":"598079a9","settings":{"content_position":"middle","structure":"20","background_background":"classic","background_color":"#F85C70","padding":{"unit":"px","top":"30","right":"0","bottom":"0","left":"0","isLinked":false},"padding_tablet":{"unit":"px","top":"60","right":"0","bottom":"0","left":"0","isLinked":false}},"elements":[{"id":"4e5715b5","settings":{"_column_size":50,"_inline_size":45,"padding":{"unit":"px","top":"0","right":"10","bottom":"0","left":"10","isLinked":false},"_inline_size_tablet":100},"elements":[{"id":"1d9a88c4","settings":{"title":"Try Our Classima App","title_color":"#FFFFFF","typography_typography":"custom","typography_font_size":{"unit":"px","size":36,"sizes":[]},"align_tablet":"center"},"elements":[],"isInner":false,"widgetType":"heading","elType":"widget"},{"id":"c3c02c4","settings":{"editor":"<p>Buy, sell and find just about anything using the app on your mobile.<\/p>","text_color":"#FFFFFF","typography_typography":"custom","typography_font_size":{"unit":"px","size":15,"sizes":[]},"align_tablet":"center"},"elements":[],"isInner":false,"widgetType":"text-editor","elType":"widget"},{"id":"19baf638","settings":{"structure":"20","margin":{"unit":"px","top":"-20","right":0,"bottom":"0","left":0,"isLinked":false}},"elements":[{"id":"1b5363b7","settings":{"_column_size":50,"_inline_size":40,"margin":{"unit":"px","top":"-0","right":"0","bottom":"0","left":"0","isLinked":false},"padding":{"unit":"px","top":"0","right":"0","bottom":"0","left":"0","isLinked":false},"margin_mobile":{"unit":"px","top":"0","right":"0","bottom":"0","left":"0","isLinked":false},"padding_mobile":{"unit":"px","top":"0","right":"0","bottom":"0","left":"0","isLinked":false}},"elements":[{"id":"78b6de93","settings":{"image":{"id":2411,"url":"https:\/\/www.radiustheme.com\/demo\/wordpress\/themes\/classima\/wp-content\/uploads\/2022\/06\/playstore_2x.jpg.png","alt":"","source":"library"},"image_size":"full","align":"left","link_to":"custom","link":{"url":"https:\/\/play.google.com\/store\/apps\/details?id=com.classima.radiustheme&hl=en&gl=US","is_external":"on","nofollow":"on","custom_attributes":""},"align_tablet":"right","align_mobile":"center","_margin_tablet":{"unit":"px","top":"0","right":"-30","bottom":"0","left":"0","isLinked":false},"_margin_mobile":{"unit":"px","top":"0","right":"0","bottom":"0","left":"0","isLinked":false},"_padding_mobile":{"unit":"px","top":"0","right":"0","bottom":"0","left":"0","isLinked":false}},"elements":[],"isInner":false,"widgetType":"image","elType":"widget"}],"isInner":true,"elType":"column"},{"id":"567c373f","settings":{"_column_size":50,"_inline_size":60,"padding":{"unit":"px","top":"0","right":"0","bottom":"0","left":"0","isLinked":false},"margin_tablet":{"unit":"px","top":"0","right":"0","bottom":"0","left":"0","isLinked":false},"margin_mobile":{"unit":"px","top":"0","right":"0","bottom":"0","left":"0","isLinked":false},"padding_mobile":{"unit":"px","top":"0","right":"0","bottom":"0","left":"0","isLinked":false}},"elements":[{"id":"72f0b8a8","settings":{"image":{"id":2410,"url":"https:\/\/www.radiustheme.com\/demo\/wordpress\/themes\/classima\/wp-content\/uploads\/2022\/06\/download_logo1.jpg.png","alt":"","source":"library"},"image_size":"full","align":"left","_margin":{"unit":"px","top":"0","right":"0","bottom":"0","left":"-20","isLinked":false},"align_mobile":"center","_margin_tablet":{"unit":"px","top":"0","right":"0","bottom":"0","left":"45","isLinked":false},"_margin_mobile":{"unit":"px","top":"10","right":"0","bottom":"0","left":"0","isLinked":false},"_padding_mobile":{"unit":"px","top":"0","right":"0","bottom":"0","left":"0","isLinked":false},"link_to":"custom","link":{"url":"https:\/\/apps.apple.com\/sr\/app\/classima-classified-ads\/id1609365955","is_external":"on","nofollow":"on","custom_attributes":""}},"elements":[],"isInner":false,"widgetType":"image","elType":"widget"}],"isInner":true,"elType":"column"}],"isInner":true,"elType":"section"}],"isInner":false,"elType":"column"},{"id":"3677d184","settings":{"_column_size":50,"_inline_size":55,"padding":{"unit":"px","top":"0","right":"10","bottom":"0","left":"10","isLinked":false},"_inline_size_tablet":100},"elements":[{"id":"1fb9e419","settings":{"image":{"id":2409,"url":"https:\/\/www.radiustheme.com\/demo\/wordpress\/themes\/classima\/wp-content\/uploads\/2022\/06\/app-promotion-man.png","alt":"","source":"library"},"image_size":"full","align":"right","align_tablet":"center","_margin_tablet":{"unit":"px","top":"25","right":"0","bottom":"0","left":"0","isLinked":false}},"elements":[],"isInner":false,"widgetType":"image","elType":"widget"}],"isInner":false,"elType":"column"}],"isInner":false,"elType":"section"}],"page_settings":[],"version":"0.4","title":"Home 8","type":"page"}