{"content":[{"id":"2097cfc1","settings":{"structure":"20","padding":{"unit":"px","top":"20","right":"20","bottom":"20","left":"20","isLinked":false},"content_position":"middle"},"elements":[{"id":"6bb0dbce","settings":{"_column_size":50,"_inline_size":74.400000000000005684341886080801486968994140625,"_inline_size_tablet":100},"elements":[{"id":"164f302f","settings":{"search_style":"popup","sortable_form":[{"sortable_form_fields":"location_field","sortable_form_field_Label":"Location","_id":"d5d7757","sortable_field_width":{"unit":"px","size":253,"sizes":[]}},{"sortable_form_field_Label":"Keywords","_id":"0f8db24","sortable_form_field_placeholder":"Buy, Sell, Rent and Exchange"}],"button_icon":{"value":"fas fa-search","library":"fa-solid"},"button_text":"Search","sortable_field_gap":{"unit":"px","size":0,"sizes":[]},"fields_border_border":"solid","fields_border_width":{"unit":"px","top":"1","right":"1","bottom":"1","left":"1","isLinked":true},"fields_border_color":"#E2E2E2","fields_text_color":"#9B9B9B","fields_border_radius":{"unit":"px","top":"0","right":"0","bottom":"0","left":"0","isLinked":true},"button_text_color_normal":"#FFFFFF","button_bg_color_normal":"#F85C70","button_border_border":"solid","button_border_width":{"unit":"px","top":"1","right":"1","bottom":"1","left":"1","isLinked":true},"button_border_color":"#F85C70","button_text_color_hover":"#FFFFFF","button_bg_color_hover":"#E43D40","button_border_radius":{"unit":"px","top":"0","right":"6","bottom":"6","left":"00","isLinked":false},"icon_border_border":"none","icon_border_width":{"unit":"px","top":"1","right":"1","bottom":"1","left":"1","isLinked":true},"icon_border_color":"#E2E2E2"},"elements":[],"isInner":false,"widgetType":"rtcl-listing-search-sortable-form","elType":"widget"}],"isInner":false,"elType":"column"},{"id":"2dca2cf0","settings":{"_column_size":50,"_inline_size":25.60000000000000142108547152020037174224853515625,"hide_tablet":"hidden-tablet","hide_mobile":"hidden-mobile"},"elements":[{"id":"6716c8e2","settings":{"rtcl_show_compare":"","rtcl_show_favourites":"","rtcl_show_add_listing_button":"","add_listing_button_text":"Add listing"},"elements":[],"isInner":false,"widgetType":"rtcl-listing-headerbtn","elType":"widget"}],"isInner":false,"elType":"column"}],"isInner":false,"elType":"section"},{"id":"6a6b36f5","settings":{"background_background":"classic","background_color":"#EEF2F4","padding":{"unit":"px","top":"40","right":"0","bottom":"40","left":"0","isLinked":false}},"elements":[{"id":"ed68897","settings":{"_column_size":100,"_inline_size":null},"elements":[{"id":"783fb5c6","settings":{"rtcl_cats_style":"style-3","rtcl_icon_type":"image","rtcl_col_xl":"5","rtcl_box_shadow_box_shadow_type":"yes","rtcl_content_alignment":"content-middle","rtcl_title_typo_typography":"custom","rtcl_col_mobile":"2"},"elements":[],"isInner":false,"widgetType":"rtcl-listing-category-slider","elType":"widget"}],"isInner":false,"elType":"column"}],"isInner":false,"elType":"section"},{"id":"45fc1159","settings":{"background_background":"classic","background_color":"#EEF2F4"},"elements":[{"id":"1c41e0ca","settings":{"_column_size":100,"_inline_size":null,"padding":{"unit":"px","top":"0","right":"10","bottom":"0","left":"10","isLinked":false}},"elements":[{"id":"203e4a27","settings":{"structure":"20","background_background":"classic","background_image":{"id":2528,"url":"https:\/\/www.radiustheme.com\/demo\/wordpress\/themes\/classima\/wp-content\/uploads\/2023\/04\/banner.png"},"background_repeat":"no-repeat","padding":{"unit":"px","top":"10","right":"0","bottom":"20","left":"0","isLinked":false},"background_bg_width_tablet":{"unit":"px","size":829,"sizes":[]}},"elements":[{"id":"75ebf27b","settings":{"_column_size":50,"_inline_size":45},"elements":[{"id":"50878348","settings":{"title":"Classima Helps you to Find Best Phone With The Best Price","header_size":"h3","align":"left","title_color":"#FFFFFF","typography_typography":"custom","typography_font_size":{"unit":"px","size":24,"sizes":[]},"typography_font_style":"italic","typography_line_height":{"unit":"em","size":1.4499999999999999555910790149937383830547332763671875,"sizes":[]},"typography_line_height_tablet":{"unit":"px","size":"","sizes":[]},"typography_line_height_mobile":{"unit":"px","size":"","sizes":[]},"_margin":{"unit":"px","top":"20","right":"20","bottom":"0","left":"20","isLinked":false},"align_mobile":"center","typography_font_family":"Poppins","typography_font_weight":"600","_margin_tablet":{"unit":"px","top":"0","right":"20","bottom":"0","left":"20","isLinked":false},"_margin_mobile":{"unit":"px","top":"0","right":"0","bottom":"0","left":"0","isLinked":false}},"elements":[],"isInner":false,"widgetType":"heading","elType":"widget"}],"isInner":true,"elType":"column"},{"id":"7f46bf9f","settings":{"_column_size":50,"_inline_size":55},"elements":[{"id":"60317568","settings":{"text":"FOR SALE","align":"right","size":"xs","icon_indent":{"unit":"px","size":0,"sizes":[]},"typography_typography":"custom","typography_font_size":{"unit":"px","size":12,"sizes":[]},"typography_font_weight":"600","button_text_color":"#FFFFFF","background_color":"#00000000","border_border":"solid","border_width":{"unit":"px","top":"1","right":"1","bottom":"1","left":"1","isLinked":true},"border_color":"#FFFFFF","border_radius":{"unit":"px","top":"30","right":"30","bottom":"30","left":"30","isLinked":true},"text_padding":{"unit":"px","top":"8","right":"13","bottom":"6","left":"13","isLinked":false},"_margin":{"unit":"px","top":"15","right":"0","bottom":"0","left":"0","isLinked":false},"_padding":{"unit":"px","top":"0","right":"40","bottom":"0","left":"0","isLinked":false},"_padding_tablet":{"unit":"px","top":"0","right":"20","bottom":"0","left":"0","isLinked":false},"align_mobile":"center","hide_tablet":"hidden-tablet","hide_mobile":"hidden-mobile"},"elements":[],"isInner":false,"widgetType":"button","elType":"widget"},{"id":"1ef47dc5","settings":{"editor":"<p>$3,999\/-<\/p>","align":"right","text_color":"#FFFFFF","typography_typography":"custom","typography_font_size":{"unit":"px","size":30,"sizes":[]},"typography_font_weight":"700","_margin":{"unit":"px","top":"-10","right":"0","bottom":"0","left":"0","isLinked":false},"_padding":{"unit":"px","top":"0","right":"40","bottom":"0","left":"0","isLinked":false},"_padding_tablet":{"unit":"px","top":"0","right":"0","bottom":"0","left":"0","isLinked":false},"_padding_mobile":{"unit":"px","top":"0","right":"10","bottom":"0","left":"0","isLinked":false},"align_mobile":"center","hide_tablet":"hidden-tablet","hide_mobile":"hidden-mobile"},"elements":[],"isInner":false,"widgetType":"text-editor","elType":"widget"}],"isInner":true,"elType":"column"}],"isInner":true,"elType":"section"}],"isInner":false,"elType":"column"}],"isInner":false,"elType":"section"},{"id":"4fb71a24","settings":{"background_background":"classic","background_color":"#EEF2F4","background_overlay_background":"classic","padding":{"unit":"px","top":"40","right":"0","bottom":"20","left":"0","isLinked":false}},"elements":[{"id":"94f16b5","settings":{"_column_size":100,"_inline_size":null,"_inline_size_tablet":100,"padding_mobile":{"unit":"px","top":"0","right":"0","bottom":"0","left":"0","isLinked":false}},"elements":[{"id":"79d5a411","settings":{"structure":"20"},"elements":[{"id":"2d1502b","settings":{"_column_size":50,"_inline_size":null,"padding":{"unit":"px","top":"0","right":"0","bottom":"0","left":"0","isLinked":false}},"elements":[{"id":"412f2fb6","settings":{"title":"Latest Posted Ad","header_size":"h3","typography_typography":"custom","typography_font_size":{"unit":"px","size":26,"sizes":[]}},"elements":[],"isInner":false,"widgetType":"heading","elType":"widget"}],"isInner":true,"elType":"column"},{"id":"590f2199","settings":{"_column_size":50,"_inline_size":null,"padding":{"unit":"px","top":"0","right":"0","bottom":"0","left":"0","isLinked":false},"hide_mobile":"hidden-mobile"},"elements":[{"id":"182442fa","settings":{"btntext":"See All Ads","btnurl":{"url":"http:\/\/classima.local\/all-ads\/","is_external":"","nofollow":"","custom_attributes":""},"icon":"fa fa-arrow-right","width":{"unit":"px","size":"","sizes":[]},"height":{"unit":"px","size":"","sizes":[]},"align":"right","title_color":"#646464","title_typo_typography":"custom","title_typo_font_size":{"unit":"px","size":16,"sizes":[]}},"elements":[],"isInner":false,"widgetType":"rt-btn","elType":"widget"}],"isInner":true,"elType":"column"}],"isInner":true,"elType":"section"},{"id":"230091d4","settings":{"col_lg":"4","load_more_btn_display":"","style":"9","field_display":"","type_display":"yes","views_display":"","number":8,"random":"","orderby":"title","order":"asc","cat_display":"","_margin":{"unit":"px","top":"20","right":"0","bottom":"0","left":"0","isLinked":false},"_margin_mobile":{"unit":"px","top":"20","right":"10","bottom":"0","left":"10","isLinked":false}},"elements":[],"isInner":false,"widgetType":"rt-listing-grid","elType":"widget"}],"isInner":false,"elType":"column"}],"isInner":false,"elType":"section"},{"id":"414ea4d1","settings":{"structure":"20","background_background":"classic","background_color":"#EEF2F4","padding":{"unit":"px","top":"0","right":"0","bottom":"50","left":"0","isLinked":false}},"elements":[{"id":"e13582d","settings":{"_column_size":50,"_inline_size":null,"background_background":"classic","background_color":"#FFFFFF","border_radius":{"unit":"px","top":"8","right":"8","bottom":"8","left":"8","isLinked":true},"margin":{"unit":"px","top":"0","right":"15","bottom":"0","left":"10","isLinked":false},"padding":{"unit":"px","top":"35","right":"0","bottom":"20","left":"40","isLinked":false},"_inline_size_tablet":100,"margin_tablet":{"unit":"px","top":"0","right":"10","bottom":"0","left":"10","isLinked":false},"margin_mobile":{"unit":"px","top":"0","right":"20","bottom":"0","left":"20","isLinked":false},"padding_mobile":{"unit":"px","top":"20","right":"20","bottom":"20","left":"20","isLinked":true}},"elements":[{"id":"48f54dd7","settings":{"title":"Lets Boost Your Business <br \/>Together?","header_size":"h3","title_color":"#111111","typography_typography":"custom","typography_font_size":{"unit":"px","size":24,"sizes":[]},"typography_line_height":{"unit":"px","size":32,"sizes":[]}},"elements":[],"isInner":false,"widgetType":"heading","elType":"widget"},{"id":"98877e8","settings":{"editor":"<p>Gihen an unknown printer took galley of type <br \/>scrambled make type specimen book.<\/p>","_margin":{"unit":"px","top":"-10","right":"0","bottom":"0","left":"0","isLinked":false}},"elements":[],"isInner":false,"widgetType":"text-editor","elType":"widget"},{"id":"1fe78aae","settings":{"text":"Login Now","link":{"url":"#","is_external":"on","nofollow":"","custom_attributes":""},"typography_typography":"custom","typography_font_size":{"unit":"px","size":15,"sizes":[]},"typography_font_weight":"500","text_shadow_text_shadow_type":"yes","button_text_color":"#FFFFFF","background_color":"#F85C70","button_background_hover_color":"#E43D40","border_radius":{"unit":"px","top":"30","right":"30","bottom":"30","left":"30","isLinked":true},"text_padding":{"unit":"px","top":"15","right":"25","bottom":"15","left":"25","isLinked":false},"_margin":{"unit":"px","top":"-20","right":"0","bottom":"0","left":"0","isLinked":false},"_z_index":5},"elements":[],"isInner":false,"widgetType":"button","elType":"widget"},{"id":"73483568","settings":{"image":{"id":2529,"url":"https:\/\/www.radiustheme.com\/demo\/wordpress\/themes\/classima\/wp-content\/uploads\/2023\/04\/Group-48.png"},"image_size":"full","align":"right","_position":"absolute","_offset_orientation_h":"end","_offset_orientation_v":"end","hide_mobile":"hidden-mobile"},"elements":[],"isInner":false,"widgetType":"image","elType":"widget"}],"isInner":false,"elType":"column"},{"id":"336c820b","settings":{"_column_size":50,"_inline_size":null,"background_background":"classic","background_color":"#FFFFFF","border_radius":{"unit":"px","top":"8","right":"8","bottom":"8","left":"8","isLinked":true},"margin":{"unit":"px","top":"0","right":"10","bottom":"0","left":"15","isLinked":false},"padding":{"unit":"px","top":"35","right":"0","bottom":"20","left":"40","isLinked":false},"_inline_size_tablet":100,"margin_tablet":{"unit":"px","top":"20","right":"10","bottom":"0","left":"10","isLinked":false},"margin_mobile":{"unit":"px","top":"20","right":"20","bottom":"0","left":"20","isLinked":false},"padding_mobile":{"unit":"px","top":"20","right":"20","bottom":"20","left":"20","isLinked":true}},"elements":[{"id":"69b64e89","settings":{"image":{"id":2530,"url":"https:\/\/www.radiustheme.com\/demo\/wordpress\/themes\/classima\/wp-content\/uploads\/2023\/04\/Group-50.png"},"image_size":"full","align":"right","_position":"absolute","_offset_orientation_h":"end","_offset_x_end":{"unit":"px","size":0,"sizes":[]},"hide_mobile":"hidden-mobile"},"elements":[],"isInner":false,"widgetType":"image","elType":"widget"},{"id":"14d5c82a","settings":{"title":"Classima Better when <br\/>you\u2019re a member","header_size":"h3","title_color":"#111111","typography_typography":"custom","typography_font_size":{"unit":"px","size":24,"sizes":[]},"typography_line_height":{"unit":"px","size":32,"sizes":[]}},"elements":[],"isInner":false,"widgetType":"heading","elType":"widget"},{"id":"680896bf","settings":{"editor":"<p>See more relevant listings, find what <br \/>you\u2019re looking for quicker, and more!<\/p>","_margin":{"unit":"px","top":"-10","right":"0","bottom":"0","left":"0","isLinked":false}},"elements":[],"isInner":false,"widgetType":"text-editor","elType":"widget"},{"id":"28fe962f","settings":{"image":{"id":2531,"url":"https:\/\/www.radiustheme.com\/demo\/wordpress\/themes\/classima\/wp-content\/uploads\/2023\/04\/Group-49.png"},"image_size":"full","align":"right","_position":"absolute","_offset_orientation_h":"end","_offset_x_end":{"unit":"px","size":40,"sizes":[]},"_offset_orientation_v":"end","_offset_y_end":{"unit":"px","size":0,"sizes":[]},"hide_mobile":"hidden-mobile"},"elements":[],"isInner":false,"widgetType":"image","elType":"widget"},{"id":"3407316a","settings":{"text":"Become a Member","link":{"url":"#","is_external":"on","nofollow":"","custom_attributes":""},"typography_typography":"custom","typography_font_size":{"unit":"px","size":15,"sizes":[]},"typography_font_weight":"500","text_shadow_text_shadow_type":"yes","button_text_color":"#FFFFFF","background_color":"#F85C70","button_background_hover_color":"#E43D40","border_radius":{"unit":"px","top":"30","right":"30","bottom":"30","left":"30","isLinked":true},"text_padding":{"unit":"px","top":"15","right":"25","bottom":"15","left":"25","isLinked":false},"_margin":{"unit":"px","top":"-20","right":"0","bottom":"0","left":"0","isLinked":false},"_z_index":5},"elements":[],"isInner":false,"widgetType":"button","elType":"widget"}],"isInner":false,"elType":"column"}],"isInner":false,"elType":"section"},{"id":"42af8213","settings":{"background_background":"classic","background_color":"#EEF2F4","padding":{"unit":"px","top":"0","right":"0","bottom":"90","left":"0","isLinked":false}},"elements":[{"id":"3be11a1e","settings":{"_column_size":100,"_inline_size":null,"padding":{"unit":"px","top":"0","right":"0","bottom":"0","left":"0","isLinked":false}},"elements":[{"id":"4b03af86","settings":{"title":"Our Pricing and Packages","header_size":"h3","_margin_mobile":{"unit":"px","top":"30","right":"0","bottom":"0","left":"10","isLinked":false},"typography_typography":"custom","typography_font_size":{"unit":"px","size":26,"sizes":[]},"_margin":{"unit":"px","top":"0","right":"0","bottom":"0","left":"10","isLinked":false}},"elements":[],"isInner":false,"widgetType":"heading","elType":"widget"},{"id":"3026c6c6","settings":{"structure":"40"},"elements":[{"id":"4bfdb400","settings":{"_column_size":25,"_inline_size":null,"_inline_size_tablet":50,"padding_mobile":{"unit":"px","top":"0","right":"0","bottom":"0","left":"0","isLinked":false}},"elements":[{"id":"6c1392df","settings":{"style":"3","currency":"$","price":"0","unit":" mo","title":"Free Plan","features":"3 Regular Ads\nNo Featured Ads\nNo Top Ads\nNo Ads will be bumped up\nLimited Support","btntext":"Buy  Now","buttonurl":{"url":"#","is_external":"","nofollow":"","custom_attributes":""}},"elements":[],"isInner":false,"widgetType":"rt-pricing-box","elType":"widget"}],"isInner":true,"elType":"column"},{"id":"51fbc6eb","settings":{"_column_size":25,"_inline_size":null,"_inline_size_tablet":50,"padding_mobile":{"unit":"px","top":"20","right":"0","bottom":"0","left":"0","isLinked":false}},"elements":[{"id":"34c4b51","settings":{"style":"3","currency":"$","price":"29","unit":" mo","title":"General","features":"3 Regular Ads\nNo Featured Ads\nNo Top Ads\nNo Ads will be bumped up\nLimited Support","btntext":"Buy  Now","btntype":"page","page":"730"},"elements":[],"isInner":false,"widgetType":"rt-pricing-box","elType":"widget"}],"isInner":true,"elType":"column"},{"id":"1aac50a7","settings":{"_column_size":25,"_inline_size":null,"_inline_size_tablet":50,"padding_mobile":{"unit":"px","top":"20","right":"0","bottom":"0","left":"0","isLinked":false}},"elements":[{"id":"5554839e","settings":{"style":"3","currency":"$","price":"39","unit":" mo","title":"Gold","features":"3 Regular Ads\nNo Featured Ads\nNo Top Ads\nNo Ads will be bumped up\nLimited Support","btntext":"Buy  Now","btntype":"page","page":"742"},"elements":[],"isInner":false,"widgetType":"rt-pricing-box","elType":"widget"}],"isInner":true,"elType":"column"},{"id":"33f1215d","settings":{"_column_size":25,"_inline_size":null,"_inline_size_tablet":50,"padding_mobile":{"unit":"px","top":"20","right":"0","bottom":"0","left":"0","isLinked":false}},"elements":[{"id":"7089a821","settings":{"style":"3","currency":"$","price":"59","unit":" mo","title":"Business","features":"3 Regular Ads\nNo Featured Ads\nNo Top Ads\nNo Ads will be bumped up\nLimited Support","btntext":"Buy  Now","buttonurl":{"url":"#","is_external":"","nofollow":"","custom_attributes":""}},"elements":[],"isInner":false,"widgetType":"rt-pricing-box","elType":"widget"}],"isInner":true,"elType":"column"}],"isInner":true,"elType":"section"}],"isInner":false,"elType":"column"}],"isInner":false,"elType":"section"},{"id":"12efd911","settings":{"content_position":"middle","structure":"20","background_background":"classic","background_color":"#F85C70","padding":{"unit":"px","top":"30","right":"0","bottom":"0","left":"0","isLinked":false},"padding_tablet":{"unit":"px","top":"60","right":"0","bottom":"0","left":"0","isLinked":false}},"elements":[{"id":"37bdd3ca","settings":{"_column_size":50,"_inline_size":45,"padding":{"unit":"px","top":"0","right":"10","bottom":"0","left":"10","isLinked":false},"_inline_size_tablet":100},"elements":[{"id":"fb1649b","settings":{"title":"Try Our Classima App","title_color":"#FFFFFF","typography_typography":"custom","typography_font_size":{"unit":"px","size":36,"sizes":[]},"align_tablet":"center"},"elements":[],"isInner":false,"widgetType":"heading","elType":"widget"},{"id":"17901242","settings":{"editor":"<p>Buy, sell and find just about anything using the app on your mobile.<\/p>","text_color":"#FFFFFF","typography_typography":"custom","typography_font_size":{"unit":"px","size":15,"sizes":[]},"align_tablet":"center"},"elements":[],"isInner":false,"widgetType":"text-editor","elType":"widget"},{"id":"5a7ec15c","settings":{"structure":"20","margin":{"unit":"px","top":"-20","right":0,"bottom":"0","left":0,"isLinked":false}},"elements":[{"id":"59871397","settings":{"_column_size":50,"_inline_size":40,"margin":{"unit":"px","top":"-0","right":"0","bottom":"0","left":"0","isLinked":false},"padding":{"unit":"px","top":"0","right":"0","bottom":"0","left":"0","isLinked":false},"margin_mobile":{"unit":"px","top":"0","right":"0","bottom":"0","left":"0","isLinked":false},"padding_mobile":{"unit":"px","top":"0","right":"0","bottom":"0","left":"0","isLinked":false}},"elements":[{"id":"4d5db19","settings":{"image":{"id":2532,"url":"https:\/\/www.radiustheme.com\/demo\/wordpress\/themes\/classima\/wp-content\/uploads\/2023\/04\/playstore_2x.jpg.png"},"image_size":"full","align":"left","link_to":"custom","link":{"url":"https:\/\/play.google.com\/store\/apps\/details?id=com.classima.radiustheme&hl=en&gl=US","is_external":"on","nofollow":"on","custom_attributes":""},"align_tablet":"right","align_mobile":"center","_margin_tablet":{"unit":"px","top":"0","right":"-30","bottom":"0","left":"0","isLinked":false},"_margin_mobile":{"unit":"px","top":"0","right":"0","bottom":"0","left":"0","isLinked":false},"_padding_mobile":{"unit":"px","top":"0","right":"0","bottom":"0","left":"0","isLinked":false}},"elements":[],"isInner":false,"widgetType":"image","elType":"widget"}],"isInner":true,"elType":"column"},{"id":"37301df7","settings":{"_column_size":50,"_inline_size":60,"padding":{"unit":"px","top":"0","right":"0","bottom":"0","left":"0","isLinked":false},"margin_tablet":{"unit":"px","top":"0","right":"0","bottom":"0","left":"0","isLinked":false},"margin_mobile":{"unit":"px","top":"0","right":"0","bottom":"0","left":"0","isLinked":false},"padding_mobile":{"unit":"px","top":"0","right":"0","bottom":"0","left":"0","isLinked":false}},"elements":[{"id":"3d5ee3e1","settings":{"image":{"id":2533,"url":"https:\/\/www.radiustheme.com\/demo\/wordpress\/themes\/classima\/wp-content\/uploads\/2023\/04\/download_logo1.jpg.png"},"image_size":"full","align":"left","_margin":{"unit":"px","top":"0","right":"0","bottom":"0","left":"-20","isLinked":false},"align_mobile":"center","_margin_tablet":{"unit":"px","top":"0","right":"0","bottom":"0","left":"45","isLinked":false},"_margin_mobile":{"unit":"px","top":"10","right":"0","bottom":"0","left":"0","isLinked":false},"_padding_mobile":{"unit":"px","top":"0","right":"0","bottom":"0","left":"0","isLinked":false},"link_to":"custom","link":{"url":"https:\/\/apps.apple.com\/sr\/app\/classima-classified-ads\/id1609365955","is_external":"on","nofollow":"on","custom_attributes":""}},"elements":[],"isInner":false,"widgetType":"image","elType":"widget"}],"isInner":true,"elType":"column"}],"isInner":true,"elType":"section"}],"isInner":false,"elType":"column"},{"id":"115b32d3","settings":{"_column_size":50,"_inline_size":55,"padding":{"unit":"px","top":"0","right":"10","bottom":"0","left":"10","isLinked":false},"_inline_size_tablet":100},"elements":[{"id":"7c236769","settings":{"image":{"id":2534,"url":"https:\/\/www.radiustheme.com\/demo\/wordpress\/themes\/classima\/wp-content\/uploads\/2023\/04\/app-promotion-man.png"},"image_size":"full","align":"right","align_tablet":"center","_margin_tablet":{"unit":"px","top":"25","right":"0","bottom":"0","left":"0","isLinked":false}},"elements":[],"isInner":false,"widgetType":"image","elType":"widget"}],"isInner":false,"elType":"column"}],"isInner":false,"elType":"section"}],"page_settings":[],"version":"0.4","title":"home-9","type":"page"}