{"content":[{"id":"11504be3","settings":{"background_background":"classic"},"elements":[{"id":"427d038","settings":{"_column_size":100,"_inline_size":null},"elements":[{"id":"51172cda","settings":{"top_cats_list":["61","64","65","102","107"],"hide_empty":"","title_typo_font_size":{"unit":"px","size":22,"sizes":[]},"counter_typo_font_size":{"unit":"px","size":30,"sizes":[]},"count":""},"elements":[],"isInner":false,"widgetType":"rt-listing-cat-list","elType":"widget"}],"isInner":false,"elType":"column"}],"isInner":false,"elType":"section"},{"id":"69ba97ff","settings":{"structure":"30","background_background":"classic","background_color":"#F8F8F8","gap":"no","overflow":"hidden","margin":{"unit":"px","top":"","right":0,"bottom":"","left":0,"isLinked":true},"padding":{"unit":"px","top":"0","right":"0","bottom":"0","left":"0","isLinked":false},"padding_mobile":{"unit":"px","top":"0","right":"0","bottom":"20","left":"0","isLinked":false}},"elements":[{"id":"372cfe54","settings":{"_column_size":33,"_inline_size":42,"content_position":"center","padding_mobile":{"unit":"px","top":"20","right":"0","bottom":"20","left":"0","isLinked":false}},"elements":[{"id":"74d3c90e","settings":{"follow_parent":"follow-main-wrapper","animation_list":[{"_id":"c2d9e87","animated_image":{"url":"http:\/\/classima.local\/wp-content\/uploads\/2022\/02\/h3-polygon1.png","id":2764,"alt":"","source":"library"},"img_left_position":{"unit":"px","size":-73,"sizes":[]}}],"img_top_position":{"unit":"px","size":0,"sizes":[]},"img_left_position":{"unit":"px","size":-100,"sizes":[]},"img_bottom_position":{"unit":"px","size":0,"sizes":[]},"image_width":{"unit":"px","size":650,"sizes":[]},"_animation":"fadeIn","animation_duration":"slow","_animation_delay":300,"animated_image":{"url":"https:\/\/www.radiustheme.com\/demo\/wordpress\/themes\/classima\/wp-content\/uploads\/2022\/02\/h3-polygon1.png","id":2254,"alt":"","source":"library"}},"elements":[],"isInner":false,"widgetType":"rt-parallax","elType":"widget"},{"id":"1eaa2b18","settings":{"title":"Classima Helps you to Find Best Phone With The Best Price","header_size":"h3","align":"left","title_color":"#222222","typography_typography":"custom","typography_font_size":{"unit":"px","size":28,"sizes":[]},"typography_font_style":"italic","typography_line_height":{"unit":"em","size":1.4499999999999999555910790149937383830547332763671875,"sizes":[]},"typography_line_height_tablet":{"unit":"px","size":"","sizes":[]},"typography_line_height_mobile":{"unit":"px","size":"","sizes":[]},"_margin":{"unit":"px","top":"0","right":"0","bottom":"0","left":"20","isLinked":false},"align_mobile":"center"},"elements":[],"isInner":false,"widgetType":"heading","elType":"widget"}],"isInner":false,"elType":"column"},{"id":"382a3083","settings":{"_column_size":33,"_inline_size":22.33200000000000073896444519050419330596923828125,"padding":{"unit":"px","top":"20","right":"0","bottom":"0","left":"0","isLinked":false},"hide_mobile":"hidden-mobile"},"elements":[{"id":"316ace83","settings":{"image_size":"full","_animation":"fadeIn","_z_index_tablet":99,"image":{"url":"https:\/\/www.radiustheme.com\/demo\/wordpress\/themes\/classima\/wp-content\/uploads\/2022\/02\/seller1.png","id":2253,"alt":"","source":"library"}},"elements":[],"isInner":false,"widgetType":"image","elType":"widget"}],"isInner":false,"elType":"column"},{"id":"3aea1951","settings":{"_column_size":33,"_inline_size":35,"padding_mobile":{"unit":"px","top":"20","right":"0","bottom":"0","left":"0","isLinked":false}},"elements":[{"id":"57555b8e","settings":{"image_width":{"unit":"px","size":536,"sizes":[]},"img_left_position_tablet":{"unit":"px","size":-93,"sizes":[]},"img_left_position_mobile":{"unit":"px","size":-363,"sizes":[]},"animated_image":{"url":"https:\/\/www.radiustheme.com\/demo\/wordpress\/themes\/classima\/wp-content\/uploads\/2022\/02\/Vector.svg","id":2261,"alt":"","source":"library"},"img_top_position_mobile":{"unit":"px","size":0,"sizes":[]},"image_width_mobile":{"unit":"px","size":1125,"sizes":[]},"img_alignment":"center"},"elements":[],"isInner":false,"widgetType":"rt-parallax","elType":"widget"},{"id":"9e24015","settings":{"follow_parent":"follow-main-wrapper","animation_list":[{"_id":"3a4db58","animated_image":{"url":"http:\/\/classima.local\/wp-content\/uploads\/2022\/02\/Vector.svg","id":2749,"alt":"","source":"library"}},{"_id":"0e47cc3","animated_image":{"url":"http:\/\/classima.local\/wp-content\/uploads\/2022\/02\/h3HeroCar1.png","id":2758,"alt":"","source":"library"}},{"_id":"b4bb70e","animated_image":{"url":"http:\/\/classima.local\/wp-content\/uploads\/2022\/02\/h3-vec1.svg","id":2756,"alt":"","source":"library"}}],"_animation":"fadeInUp","img_top_position_mobile":{"unit":"px","size":27,"sizes":[]},"img_left_position_tablet":{"unit":"px","size":-65,"sizes":[]},"img_left_position_mobile":{"unit":"px","size":0,"sizes":[]},"img_left_position":{"unit":"px","size":-37,"sizes":[]},"img_bottom_position":{"unit":"px","size":-20,"sizes":[]},"animated_image":{"url":"https:\/\/www.radiustheme.com\/demo\/wordpress\/themes\/classima\/wp-content\/uploads\/2022\/02\/mobile.png","id":2255,"alt":"","source":"library"},"hide_mobile":"hidden-mobile"},"elements":[],"isInner":false,"widgetType":"rt-parallax","elType":"widget"},{"id":"2326f883","settings":{"text":"FOR SALE","align":"right","size":"xs","icon_indent":{"unit":"px","size":0,"sizes":[]},"typography_typography":"custom","typography_font_size":{"unit":"px","size":12,"sizes":[]},"typography_font_weight":"600","button_text_color":"#FFFFFF","background_color":"#00000000","border_border":"solid","border_width":{"unit":"px","top":"1","right":"1","bottom":"1","left":"1","isLinked":true},"border_color":"#FFFFFF","border_radius":{"unit":"px","top":"30","right":"30","bottom":"30","left":"30","isLinked":true},"text_padding":{"unit":"px","top":"8","right":"13","bottom":"6","left":"13","isLinked":false},"_margin":{"unit":"px","top":"10","right":"0","bottom":"0","left":"0","isLinked":false},"_padding":{"unit":"px","top":"0","right":"60","bottom":"0","left":"0","isLinked":false},"_padding_tablet":{"unit":"px","top":"0","right":"20","bottom":"0","left":"0","isLinked":false},"align_mobile":"center"},"elements":[],"isInner":false,"widgetType":"button","elType":"widget"},{"id":"597892c1","settings":{"editor":"<p>$3,999\/-<\/p>","align":"right","text_color":"#FFFFFF","typography_typography":"custom","typography_font_size":{"unit":"px","size":30,"sizes":[]},"typography_font_weight":"700","_margin":{"unit":"px","top":"-10","right":"0","bottom":"0","left":"0","isLinked":false},"_padding":{"unit":"px","top":"0","right":"50","bottom":"0","left":"0","isLinked":false},"_padding_tablet":{"unit":"px","top":"0","right":"0","bottom":"0","left":"0","isLinked":false},"_padding_mobile":{"unit":"px","top":"0","right":"10","bottom":"0","left":"0","isLinked":false},"align_mobile":"center"},"elements":[],"isInner":false,"widgetType":"text-editor","elType":"widget"}],"isInner":false,"elType":"column"}],"isInner":false,"elType":"section"},{"id":"36d36c3c","settings":{"padding":{"unit":"px","top":"90","right":"0","bottom":"15","left":"0","isLinked":false}},"elements":[{"id":"27ef8b06","settings":{"_column_size":100,"_inline_size":null},"elements":[{"id":"296edcc4","settings":{"structure":"20","margin":{"unit":"px","top":"0","right":0,"bottom":"0","left":0,"isLinked":false},"content_position":"middle"},"elements":[{"id":"fd53185","settings":{"_column_size":50,"_inline_size":null,"padding":{"unit":"px","top":"0","right":"0","bottom":"0","left":"0","isLinked":false},"_inline_size_mobile":60},"elements":[{"id":"75bf554a","settings":{"title":"Featured Ads","typography_typography":"custom","typography_font_size":{"unit":"px","size":36,"sizes":[]},"typography_font_weight":"700","_margin":{"unit":"px","top":"0","right":"0","bottom":"5","left":"0","isLinked":false},"typography_font_size_mobile":{"unit":"px","size":30,"sizes":[]},"typography_line_height_mobile":{"unit":"em","size":1.3000000000000000444089209850062616169452667236328125,"sizes":[]}},"elements":[],"isInner":false,"widgetType":"heading","elType":"widget"}],"isInner":true,"elType":"column"},{"id":"148c2dc1","settings":{"_column_size":50,"_inline_size":null,"padding":{"unit":"px","top":"0","right":"0","bottom":"0","left":"0","isLinked":false},"_inline_size_mobile":40},"elements":[{"id":"65c23724","settings":{"btntext":"See All Ads","btnurl":{"url":"http:\/\/classima.local\/all-ads\/","is_external":"","nofollow":"","custom_attributes":""},"icon":"fa fa-arrow-right","width":{"unit":"px","size":"","sizes":[]},"height":{"unit":"px","size":"","sizes":[]},"align":"right"},"elements":[],"isInner":false,"widgetType":"rt-btn","elType":"widget"}],"isInner":true,"elType":"column"}],"isInner":true,"elType":"section"}],"isInner":false,"elType":"column"}],"isInner":false,"elType":"section"},{"id":"1d213d9","settings":{"css_classes":"listing-g-16","margin":{"unit":"px","top":"0","right":0,"bottom":"0","left":0,"isLinked":false},"padding":{"unit":"px","top":"0","right":"0","bottom":"0","left":"0","isLinked":false}},"elements":[{"id":"9983067","settings":{"_column_size":100,"_inline_size":null,"background_background":"classic","background_color":"#F6F6F6","margin":{"unit":"px","top":"0","right":"10","bottom":"0","left":"10","isLinked":false},"padding":{"unit":"px","top":"16","right":"16","bottom":"0","left":"16","isLinked":false}},"elements":[{"id":"45941628","settings":{"style":"8","type":"featured","type_display":"yes","col_lg":"4","col_md":"6"},"elements":[],"isInner":false,"widgetType":"rt-listing-grid","elType":"widget"}],"isInner":false,"elType":"column"}],"isInner":false,"elType":"section"},{"id":"63ca6c1b","settings":{"margin":{"unit":"px","top":"50","right":0,"bottom":"0","left":0,"isLinked":false}},"elements":[{"id":"4552deed","settings":{"_column_size":100,"_inline_size":null},"elements":[{"id":"7a78911d","settings":{"image_size":"full","image":{"url":"https:\/\/www.radiustheme.com\/demo\/wordpress\/themes\/classima\/wp-content\/uploads\/2022\/02\/adsBanner1.jpg","id":2265,"alt":"","source":"library"}},"elements":[],"isInner":false,"widgetType":"image","elType":"widget"}],"isInner":false,"elType":"column"}],"isInner":false,"elType":"section"},{"id":"2cc1a207","settings":{"padding":{"unit":"px","top":"50","right":"0","bottom":"100","left":"0","isLinked":false}},"elements":[{"id":"27e1d643","settings":{"_column_size":100,"_inline_size":null,"margin":{"unit":"px","top":"0","right":"0","bottom":"0","left":"0","isLinked":false},"padding":{"unit":"px","top":"0","right":"0","bottom":"0","left":"0","isLinked":false}},"elements":[{"id":"76d23b0b","settings":{"structure":"20","margin":{"unit":"px","top":"0","right":0,"bottom":"25","left":0,"isLinked":false},"content_position":"middle"},"elements":[{"id":"777a8666","settings":{"_column_size":50,"_inline_size":null,"padding":{"unit":"px","top":"0","right":"0","bottom":"0","left":"0","isLinked":false},"_inline_size_mobile":60},"elements":[{"id":"6dc152f1","settings":{"title":"Latest Posted Ad","typography_typography":"custom","typography_font_size":{"unit":"px","size":36,"sizes":[]},"typography_font_weight":"700","_margin":{"unit":"px","top":"0","right":"0","bottom":"5","left":"0","isLinked":false},"typography_font_size_mobile":{"unit":"px","size":30,"sizes":[]},"typography_line_height_mobile":{"unit":"em","size":1.3000000000000000444089209850062616169452667236328125,"sizes":[]}},"elements":[],"isInner":false,"widgetType":"heading","elType":"widget"}],"isInner":true,"elType":"column"},{"id":"4e5d7afa","settings":{"_column_size":50,"_inline_size":null,"padding":{"unit":"px","top":"0","right":"0","bottom":"0","left":"0","isLinked":false},"_inline_size_mobile":40},"elements":[{"id":"2e6b5236","settings":{"btntext":"See All Ads","btnurl":{"url":"http:\/\/classima.local\/all-ads\/","is_external":"","nofollow":"","custom_attributes":""},"icon":"fa fa-arrow-right","width":{"unit":"px","size":"","sizes":[]},"height":{"unit":"px","size":"","sizes":[]},"align":"right"},"elements":[],"isInner":false,"widgetType":"rt-btn","elType":"widget"}],"isInner":true,"elType":"column"}],"isInner":true,"elType":"section"},{"id":"65b2d296","settings":{"style":"8","field_display":"","number":8,"col_lg":"4","col_md":"6","load_more_btn_display":"yes","cat_typo_font_size":{"unit":"px","size":39,"sizes":[]},"title_typo_font_size":{"unit":"px","size":48,"sizes":[]},"meta_typo_font_size":{"unit":"px","size":30,"sizes":[]},"price_typo_font_size":{"unit":"px","size":33,"sizes":[]},"type_display":"yes","random":""},"elements":[],"isInner":false,"widgetType":"rt-listing-grid","elType":"widget"}],"isInner":false,"elType":"column"}],"isInner":false,"elType":"section"},{"id":"54d63f16","settings":{"background_background":"classic","background_image":{"id":2267,"url":"https:\/\/www.radiustheme.com\/demo\/wordpress\/themes\/classima\/wp-content\/uploads\/2022\/02\/pricingBgShape.png","alt":"","source":"library"},"background_position":"center center","background_repeat":"no-repeat","background_size":"cover","padding":{"unit":"px","top":"90","right":"0","bottom":"80","left":"0","isLinked":false}},"elements":[{"id":"1222e599","settings":{"_column_size":100,"_inline_size":null},"elements":[{"id":"1c2fd7d0","settings":{"title":"Our Pricing and Packages","typography_typography":"custom","typography_font_size":{"unit":"px","size":36,"sizes":[]},"typography_font_weight":"700","_margin":{"unit":"px","top":"0","right":"0","bottom":"5","left":"0","isLinked":false},"align_mobile":"center","typography_font_size_mobile":{"unit":"px","size":30,"sizes":[]},"typography_line_height_mobile":{"unit":"em","size":1.3000000000000000444089209850062616169452667236328125,"sizes":[]}},"elements":[],"isInner":false,"widgetType":"heading","elType":"widget"},{"id":"3771561d","settings":{"structure":"40"},"elements":[{"id":"3638cc34","settings":{"_column_size":25,"_inline_size":null,"_inline_size_tablet":50},"elements":[{"id":"781e0b6","settings":{"style":"3","currency":"$","price":"0","unit":" mo","title":"Free Plan","features":"3 Regular Ads\nNo Featured Ads\nNo Top Ads\nNo Ads will be bumped up\nLimited Support","btntext":"Buy  Now","buttonurl":{"url":"#","is_external":"","nofollow":"","custom_attributes":""}},"elements":[],"isInner":false,"widgetType":"rt-pricing-box","elType":"widget"}],"isInner":true,"elType":"column"},{"id":"479bf0c4","settings":{"_column_size":25,"_inline_size":null,"_inline_size_tablet":50},"elements":[{"id":"45662e6","settings":{"style":"3","currency":"$","price":"29","unit":" mo","title":"General","features":"3 Regular Ads\nNo Featured Ads\nNo Top Ads\nNo Ads will be bumped up\nLimited Support","btntext":"Buy  Now","btntype":"page","page":"730"},"elements":[],"isInner":false,"widgetType":"rt-pricing-box","elType":"widget"}],"isInner":true,"elType":"column"},{"id":"14f88f24","settings":{"_column_size":25,"_inline_size":null,"_inline_size_tablet":50},"elements":[{"id":"1ba46aa5","settings":{"style":"3","currency":"$","price":"39","unit":" mo","title":"Gold","features":"3 Regular Ads\nNo Featured Ads\nNo Top Ads\nNo Ads will be bumped up\nLimited Support","btntext":"Buy  Now","btntype":"page","page":"742"},"elements":[],"isInner":false,"widgetType":"rt-pricing-box","elType":"widget"}],"isInner":true,"elType":"column"},{"id":"5b80ff27","settings":{"_column_size":25,"_inline_size":null,"_inline_size_tablet":50},"elements":[{"id":"34aa7842","settings":{"style":"3","currency":"$","price":"59","unit":" mo","title":"Business","features":"3 Regular Ads\nNo Featured Ads\nNo Top Ads\nNo Ads will be bumped up\nLimited Support","btntext":"Buy  Now","buttonurl":{"url":"#","is_external":"","nofollow":"","custom_attributes":""}},"elements":[],"isInner":false,"widgetType":"rt-pricing-box","elType":"widget"}],"isInner":true,"elType":"column"}],"isInner":true,"elType":"section"}],"isInner":false,"elType":"column"}],"isInner":false,"elType":"section"},{"id":"4330cbcc","settings":{"content_position":"middle","structure":"30","margin":{"unit":"px","top":"0","right":0,"bottom":"0","left":0,"isLinked":false},"padding":{"unit":"px","top":"50","right":"0","bottom":"0","left":"0","isLinked":false},"padding_mobile":{"unit":"px","top":"50","right":"0","bottom":"50","left":"0","isLinked":false}},"elements":[{"id":"34250f1a","settings":{"_column_size":33,"_inline_size":null,"padding":{"unit":"px","top":"10","right":"10","bottom":"0","left":"10","isLinked":false},"_inline_size_tablet":30,"content_position_tablet":"bottom","hide_mobile":"hidden-mobile"},"elements":[{"id":"4fb0d878","settings":{"image_size":"full","_padding":{"unit":"px","top":"0","right":"0","bottom":"0","left":"0","isLinked":false},"image":{"url":"https:\/\/www.radiustheme.com\/demo\/wordpress\/themes\/classima\/wp-content\/uploads\/2022\/02\/apps_screenshot2.png","id":2268,"alt":"","source":"library"}},"elements":[],"isInner":false,"widgetType":"image","elType":"widget"}],"isInner":false,"elType":"column"},{"id":"4f0d8a0b","settings":{"_column_size":33,"_inline_size":null,"_inline_size_tablet":40},"elements":[{"id":"230dcd30","settings":{"editor":"<h2 style=\"color: #222222; font-size: 34px; font-weight: 700;\">Try Our <span style=\"color: #f85c70;\">Classima<\/span> App<\/h2>\nBuy, sell and find just about anything using the app on your mobile.","align":"left","text_color":"#222222","typography_typography":"custom","typography_font_size":{"unit":"px","size":20,"sizes":[]},"align_mobile":"center"},"elements":[],"isInner":false,"widgetType":"text-editor","elType":"widget"}],"isInner":false,"elType":"column"},{"id":"75c451df","settings":{"_column_size":33,"_inline_size":null,"padding":{"unit":"px","top":"10","right":"10","bottom":"10","left":"40","isLinked":false},"_inline_size_tablet":30},"elements":[{"id":"7e8d5d9c","settings":{"title":"Get Your App Today","header_size":"h3","title_color":"#222222","typography_typography":"custom","typography_font_size":{"unit":"px","size":18,"sizes":[]},"typography_font_weight":"600","align_mobile":"center"},"elements":[],"isInner":false,"widgetType":"heading","elType":"widget"},{"id":"4d35cbbd","settings":{"structure":"20"},"elements":[{"id":"da829f1","settings":{"_column_size":50,"_inline_size":null,"margin":{"unit":"px","top":"0","right":"0","bottom":"0","left":"0","isLinked":false},"padding":{"unit":"px","top":"0","right":"0","bottom":"0","left":"0","isLinked":false}},"elements":[{"id":"72e992a3","settings":{"image_size":"full","align":"left","link_to":"custom","link":{"url":"https:\/\/apps.apple.com\/app\/classima-classified-ads\/id1609365955","is_external":"on","nofollow":"on","custom_attributes":""},"image":{"url":"https:\/\/www.radiustheme.com\/demo\/wordpress\/themes\/classima\/wp-content\/uploads\/2022\/02\/download_logo1.jpg","id":2269,"alt":"","source":"library"},"align_mobile":"center"},"elements":[],"isInner":false,"widgetType":"image","elType":"widget"}],"isInner":true,"elType":"column"},{"id":"2a451e10","settings":{"_column_size":50,"_inline_size":null,"margin":{"unit":"px","top":"0","right":"0","bottom":"0","left":"0","isLinked":false},"padding":{"unit":"px","top":"0","right":"0","bottom":"0","left":"0","isLinked":false}},"elements":[{"id":"7fd17b6b","settings":{"image_size":"full","align":"left","link_to":"custom","link":{"url":"https:\/\/play.google.com\/store\/apps\/details?id=com.classima.radiustheme","is_external":"on","nofollow":"on","custom_attributes":""},"_margin":{"unit":"px","top":"0","right":"0","bottom":"0","left":"10","isLinked":false},"image":{"url":"https:\/\/www.radiustheme.com\/demo\/wordpress\/themes\/classima\/wp-content\/uploads\/2022\/02\/playstore_2x.jpg","id":2270,"alt":"","source":"library"},"align_mobile":"center","_margin_mobile":{"unit":"px","top":"10","right":"0","bottom":"0","left":"0","isLinked":false}},"elements":[],"isInner":false,"widgetType":"image","elType":"widget"}],"isInner":true,"elType":"column"}],"isInner":true,"elType":"section"}],"isInner":false,"elType":"column"}],"isInner":false,"elType":"section"}],"page_settings":[],"version":"0.4","title":"Home 7","type":"page"}