{"content":[{"id":"2e31786f","settings":{"padding":{"unit":"px","top":"40","right":"0","bottom":"30","left":"0","isLinked":false},"content_position":"middle","background_background":"classic","background_color":"#F85C70","css_classes":"has-placeholder"},"elements":[{"id":"511500de","settings":{"_column_size":100,"_inline_size":null,"_inline_size_tablet":100},"elements":[{"id":"2e051d3b","settings":{"animated_image":{"id":2418,"url":"https:\/\/www.radiustheme.com\/demo\/wordpress\/themes\/classima\/wp-content\/uploads\/2022\/06\/hero4-shape-1.svg","alt":"","source":"library","size":""},"img_left_position":{"unit":"px","size":-160,"sizes":[]},"img_bottom_position":{"unit":"px","size":-20,"sizes":[]}},"elements":[],"isInner":false,"widgetType":"rt-parallax","elType":"widget"},{"id":"6383b6f1","settings":{"search_style":"popup","sortable_form":[{"sortable_form_fields":"location_field","sortable_form_field_Label":"Location","_id":"d5d7757","sortable_field_width":{"unit":"px","size":290,"sizes":[]}},{"sortable_form_field_Label":"Keywords","_id":"0f8db24","sortable_form_field_placeholder":"Buy, Sell, Rent and Exchange"}],"button_icon":{"value":"fas fa-search","library":"fa-solid"},"button_text":"Search","fields_border_border":"none","fields_border_width":{"unit":"px","top":"1","right":"1","bottom":"1","left":"1","isLinked":true},"fields_border_color":"#E2E2E2","fields_text_color":"#9B9B9B","fields_border_radius":{"unit":"px","top":"6","right":"6","bottom":"6","left":"6","isLinked":true},"button_text_color_normal":"#111111","button_bg_color_normal":"#FFFFFF","button_border_border":"none","button_border_color":"#F85C70","button_text_color_hover":"#111111","button_bg_color_hover":"#FFFFFF","button_border_radius":{"unit":"px","top":"6","right":"6","bottom":"6","left":"6","isLinked":true},"icon_border_border":"none","icon_border_width":{"unit":"px","top":"1","right":"1","bottom":"1","left":"1","isLinked":true},"icon_border_color":"#E2E2E2","_css_classes":"rtcl-el-search-style-4","fields_padding":{"unit":"px","top":"0","right":"20","bottom":"0","left":"20","isLinked":false},"button_typography_typography":"custom","button_typography_font_size":{"unit":"px","size":16,"sizes":[]},"button_typography_font_weight":"500","icon_color":"#F85C70","icon_margin":{"unit":"px","top":"0","right":"0","bottom":"0","left":"6","isLinked":false}},"elements":[],"isInner":false,"widgetType":"rtcl-listing-search-sortable-form","elType":"widget"},{"id":"66b5caed","settings":{"animated_image":{"id":2563,"url":"https:\/\/www.radiustheme.com\/demo\/wordpress\/themes\/classima\/wp-content\/uploads\/2023\/04\/Vector.png","alt":"","source":"library","size":""},"img_left_position":{"unit":"%","size":"","sizes":[]},"img_left_position_tablet":{"unit":"%","size":"","sizes":[]},"img_left_position_mobile":{"unit":"%","size":"","sizes":[]},"img_right_position":{"unit":"px","size":0,"sizes":[]},"img_bottom_position":{"unit":"px","size":-20,"sizes":[]},"img_alignment":"right"},"elements":[],"isInner":false,"widgetType":"rt-parallax","elType":"widget"},{"id":"2dbbd6cf","settings":{"rtcl_cats_style":"style-4","rtcl_col_xl":"7","rtcl_icon_type":"image","rtcl_show_count":"","rtcl_description":"","rtcl_content_limit":"","_margin":{"unit":"px","top":"5","right":"0","bottom":"0","left":"0","isLinked":false},"rtcl_col_lg":"6","rtcl_col_md":"4","rtcl_col_sm":"3","rtcl_col_mobile":"2"},"elements":[],"isInner":false,"widgetType":"rtcl-listing-category-slider","elType":"widget"}],"isInner":false,"elType":"column"}],"isInner":false,"elType":"section"},{"id":"aec5bfc","settings":{"background_background":"classic","background_color":"#EEF2F4","background_overlay_background":"classic","padding":{"unit":"px","top":"55","right":"0","bottom":"20","left":"0","isLinked":false}},"elements":[{"id":"44d39525","settings":{"_column_size":100,"_inline_size":null,"_inline_size_tablet":100,"padding_mobile":{"unit":"px","top":"0","right":"0","bottom":"0","left":"0","isLinked":false},"content_position":"center"},"elements":[{"id":"7c3588cc","settings":{"structure":"20"},"elements":[{"id":"79667030","settings":{"_column_size":50,"_inline_size":null,"padding":{"unit":"px","top":"0","right":"0","bottom":"0","left":"0","isLinked":false},"content_position":"center"},"elements":[{"id":"aece5be","settings":{"title":"Recent Ads","header_size":"h3","typography_typography":"custom","typography_font_size":{"unit":"px","size":26,"sizes":[]}},"elements":[],"isInner":false,"widgetType":"heading","elType":"widget"}],"isInner":true,"elType":"column"},{"id":"6dc18f16","settings":{"_column_size":50,"_inline_size":null,"padding":{"unit":"px","top":"0","right":"0","bottom":"0","left":"0","isLinked":false},"hide_mobile":"hidden-mobile","align":"flex-end"},"elements":[{"id":"64cdbe6e","settings":{"btntext":"See All Ads","btnurl":{"url":"http:\/\/classima.local\/all-ads\/","is_external":"","nofollow":"","custom_attributes":""},"icon":"fa fa-arrow-right","width":{"unit":"px","size":"","sizes":[]},"height":{"unit":"px","size":"","sizes":[]},"align":"right","title_color":"#646464","title_typo_typography":"custom","title_typo_font_size":{"unit":"px","size":16,"sizes":[]},"_element_width":"initial","_element_custom_width":{"unit":"px","size":"","sizes":[]},"_element_vertical_align":"flex-end","_border_border":"solid","_border_width":{"unit":"px","top":"1","right":"1","bottom":"1","left":"1","isLinked":true},"_border_color":"#E9EAEB","title_typo_line_height_tablet":{"unit":"px","size":"","sizes":[]},"title_typo_line_height_mobile":{"unit":"px","size":"","sizes":[]},"_padding":{"unit":"px","top":"5","right":"15","bottom":"5","left":"15","isLinked":false},"_background_background":"classic","_background_color":"#FFFFFF","_border_radius":{"unit":"px","top":"4","right":"4","bottom":"4","left":"4","isLinked":true},"title_typo_font_weight":"500"},"elements":[],"isInner":false,"widgetType":"rt-btn","elType":"widget"}],"isInner":true,"elType":"column"}],"isInner":true,"elType":"section"},{"id":"45f6a86","settings":{"col_lg":"4","load_more_btn_display":"","style":"9","field_display":"","type_display":"yes","views_display":"","number":8,"random":"","orderby":"title","order":"asc","cat_display":"","_margin":{"unit":"px","top":"20","right":"0","bottom":"0","left":"0","isLinked":false},"_margin_mobile":{"unit":"px","top":"20","right":"10","bottom":"0","left":"10","isLinked":false}},"elements":[],"isInner":false,"widgetType":"rt-listing-grid","elType":"widget"}],"isInner":false,"elType":"column"}],"isInner":false,"elType":"section"},{"id":"537db3e2","settings":{"background_background":"classic","background_color":"#EEF2F4","background_overlay_background":"classic","padding":{"unit":"px","top":"0","right":"0","bottom":"20","left":"0","isLinked":false}},"elements":[{"id":"7fcbed65","settings":{"_column_size":100,"_inline_size":null,"_inline_size_tablet":100,"padding_mobile":{"unit":"px","top":"0","right":"0","bottom":"0","left":"0","isLinked":false},"content_position":"center"},"elements":[{"id":"388813d6","settings":{"structure":"20"},"elements":[{"id":"34e0b1f7","settings":{"_column_size":50,"_inline_size":null,"padding":{"unit":"px","top":"0","right":"0","bottom":"0","left":"0","isLinked":false},"content_position":"center"},"elements":[{"id":"5bf01666","settings":{"title":"Featured Ads","header_size":"h3","typography_typography":"custom","typography_font_size":{"unit":"px","size":26,"sizes":[]}},"elements":[],"isInner":false,"widgetType":"heading","elType":"widget"}],"isInner":true,"elType":"column"},{"id":"7df8d382","settings":{"_column_size":50,"_inline_size":null,"padding":{"unit":"px","top":"0","right":"0","bottom":"0","left":"0","isLinked":false},"hide_mobile":"hidden-mobile","align":"flex-end"},"elements":[{"id":"763f0821","settings":{"btntext":"See All Ads","btnurl":{"url":"http:\/\/classima.local\/all-ads\/","is_external":"","nofollow":"","custom_attributes":""},"icon":"fa fa-arrow-right","width":{"unit":"px","size":"","sizes":[]},"height":{"unit":"px","size":"","sizes":[]},"align":"right","title_color":"#646464","title_typo_typography":"custom","title_typo_font_size":{"unit":"px","size":16,"sizes":[]},"_element_width":"initial","_element_custom_width":{"unit":"px","size":"","sizes":[]},"_element_vertical_align":"flex-end","_border_border":"solid","_border_width":{"unit":"px","top":"1","right":"1","bottom":"1","left":"1","isLinked":true},"_border_color":"#E9EAEB","title_typo_line_height_tablet":{"unit":"px","size":"","sizes":[]},"title_typo_line_height_mobile":{"unit":"px","size":"","sizes":[]},"_padding":{"unit":"px","top":"5","right":"15","bottom":"5","left":"15","isLinked":false},"_background_background":"classic","_background_color":"#FFFFFF","_border_radius":{"unit":"px","top":"4","right":"4","bottom":"4","left":"4","isLinked":true},"title_typo_font_weight":"500"},"elements":[],"isInner":false,"widgetType":"rt-btn","elType":"widget"}],"isInner":true,"elType":"column"}],"isInner":true,"elType":"section"},{"id":"7539f127","settings":{"col_lg":"4","load_more_btn_display":"","style":"9","field_display":"","type_display":"yes","views_display":"","number":4,"random":"","orderby":"title","order":"asc","cat_display":"","_margin":{"unit":"px","top":"20","right":"0","bottom":"0","left":"0","isLinked":false},"_margin_mobile":{"unit":"px","top":"20","right":"10","bottom":"0","left":"10","isLinked":false},"type":"featured"},"elements":[],"isInner":false,"widgetType":"rt-listing-grid","elType":"widget"}],"isInner":false,"elType":"column"}],"isInner":false,"elType":"section"},{"id":"590df566","settings":{"background_background":"classic","background_color":"#EEF2F4"},"elements":[{"id":"3799ca61","settings":{"_column_size":100,"_inline_size":null,"padding":{"unit":"px","top":"0","right":"10","bottom":"0","left":"10","isLinked":false}},"elements":[{"id":"7740ada5","settings":{"structure":"20","background_background":"classic","background_image":{"id":2546,"url":"https:\/\/www.radiustheme.com\/demo\/wordpress\/themes\/classima\/wp-content\/uploads\/2023\/04\/banner123.png"},"background_repeat":"no-repeat","padding":{"unit":"px","top":"10","right":"0","bottom":"20","left":"0","isLinked":false},"background_bg_width_tablet":{"unit":"px","size":829,"sizes":[]}},"elements":[{"id":"53daa2fa","settings":{"_column_size":50,"_inline_size":45},"elements":[{"id":"15d058e2","settings":{"title":"Classima Helps you to Find Best Phone With The Best Price","header_size":"h3","align":"left","title_color":"#FFFFFF","typography_typography":"custom","typography_font_size":{"unit":"px","size":24,"sizes":[]},"typography_font_style":"italic","typography_line_height":{"unit":"em","size":1.4499999999999999555910790149937383830547332763671875,"sizes":[]},"typography_line_height_tablet":{"unit":"px","size":"","sizes":[]},"typography_line_height_mobile":{"unit":"px","size":"","sizes":[]},"_margin":{"unit":"px","top":"20","right":"20","bottom":"0","left":"20","isLinked":false},"align_mobile":"center","typography_font_family":"Poppins","typography_font_weight":"600","_margin_tablet":{"unit":"px","top":"0","right":"20","bottom":"0","left":"20","isLinked":false},"_margin_mobile":{"unit":"px","top":"0","right":"0","bottom":"0","left":"0","isLinked":false}},"elements":[],"isInner":false,"widgetType":"heading","elType":"widget"}],"isInner":true,"elType":"column"},{"id":"33ad33f6","settings":{"_column_size":50,"_inline_size":55},"elements":[{"id":"34645c34","settings":{"text":"FOR SALE","align":"right","size":"xs","icon_indent":{"unit":"px","size":0,"sizes":[]},"typography_typography":"custom","typography_font_size":{"unit":"px","size":12,"sizes":[]},"typography_font_weight":"600","button_text_color":"#FFFFFF","background_color":"#00000000","border_border":"solid","border_width":{"unit":"px","top":"1","right":"1","bottom":"1","left":"1","isLinked":true},"border_color":"#FFFFFF","border_radius":{"unit":"px","top":"30","right":"30","bottom":"30","left":"30","isLinked":true},"text_padding":{"unit":"px","top":"8","right":"13","bottom":"6","left":"13","isLinked":false},"_margin":{"unit":"px","top":"15","right":"0","bottom":"0","left":"0","isLinked":false},"_padding":{"unit":"px","top":"0","right":"40","bottom":"0","left":"0","isLinked":false},"_padding_tablet":{"unit":"px","top":"0","right":"20","bottom":"0","left":"0","isLinked":false},"align_mobile":"center","hide_tablet":"hidden-tablet","hide_mobile":"hidden-mobile"},"elements":[],"isInner":false,"widgetType":"button","elType":"widget"},{"id":"1a4ed2dc","settings":{"editor":"<p>$3,999\/-<\/p>","align":"right","text_color":"#FFFFFF","typography_typography":"custom","typography_font_size":{"unit":"px","size":30,"sizes":[]},"typography_font_weight":"700","_margin":{"unit":"px","top":"-10","right":"0","bottom":"0","left":"0","isLinked":false},"_padding":{"unit":"px","top":"0","right":"40","bottom":"0","left":"0","isLinked":false},"_padding_tablet":{"unit":"px","top":"0","right":"0","bottom":"0","left":"0","isLinked":false},"_padding_mobile":{"unit":"px","top":"0","right":"10","bottom":"0","left":"0","isLinked":false},"align_mobile":"center","hide_tablet":"hidden-tablet","hide_mobile":"hidden-mobile"},"elements":[],"isInner":false,"widgetType":"text-editor","elType":"widget"}],"isInner":true,"elType":"column"}],"isInner":true,"elType":"section"}],"isInner":false,"elType":"column"}],"isInner":false,"elType":"section"},{"id":"24504aa6","settings":{"background_background":"classic","background_color":"#EEF2F4","padding":{"unit":"px","top":"40","right":"0","bottom":"40","left":"0","isLinked":false}},"elements":[{"id":"55b61077","settings":{"_column_size":100,"_inline_size":null,"padding":{"unit":"px","top":"0","right":"0","bottom":"0","left":"0","isLinked":false}},"elements":[{"id":"4148c1bf","settings":{"content_position":"middle","structure":"20"},"elements":[{"id":"62f1e26f","settings":{"_column_size":50,"_inline_size":null},"elements":[{"id":"60262e37","settings":{"title":"Explore Top Location","header_size":"h3","typography_typography":"custom","typography_font_size":{"unit":"px","size":26,"sizes":[]}},"elements":[],"isInner":false,"widgetType":"heading","elType":"widget"}],"isInner":true,"elType":"column"},{"id":"88308c3","settings":{"_column_size":50,"_inline_size":null,"align":"flex-end","hide_mobile":"hidden-mobile"},"elements":[{"id":"352ca735","settings":{"btntext":"See All Location","btnurl":{"url":"http:\/\/classima.local\/all-ads\/","is_external":"","nofollow":"","custom_attributes":""},"icon":"fa fa-arrow-right","width":{"unit":"px","size":"","sizes":[]},"height":{"unit":"px","size":"","sizes":[]},"align":"right","title_color":"#646464","title_typo_typography":"custom","title_typo_font_size":{"unit":"px","size":16,"sizes":[]},"_element_width":"initial","_element_custom_width":{"unit":"px","size":"","sizes":[]},"_element_vertical_align":"flex-end","_border_border":"solid","_border_width":{"unit":"px","top":"1","right":"1","bottom":"1","left":"1","isLinked":true},"_border_color":"#E9EAEB","title_typo_line_height_tablet":{"unit":"px","size":"","sizes":[]},"title_typo_line_height_mobile":{"unit":"px","size":"","sizes":[]},"_padding":{"unit":"px","top":"5","right":"15","bottom":"5","left":"15","isLinked":false},"_background_background":"classic","_background_color":"#FFFFFF","_border_radius":{"unit":"px","top":"4","right":"4","bottom":"4","left":"4","isLinked":true},"title_typo_font_weight":"500"},"elements":[],"isInner":false,"widgetType":"rt-btn","elType":"widget"}],"isInner":true,"elType":"column"}],"isInner":true,"elType":"section"},{"id":"2ad60eda","settings":{"structure":"40"},"elements":[{"id":"75be5f38","settings":{"_column_size":25,"_inline_size":null,"_inline_size_tablet":50},"elements":[{"id":"7dc3fc65","settings":{"rtcl_location_style":"style-3","location":"33","height":{"unit":"px","size":250,"sizes":[]},"bgimg_background":"classic","bgimg_image":{"id":2547,"url":"https:\/\/www.radiustheme.com\/demo\/wordpress\/themes\/classima\/wp-content\/uploads\/2023\/04\/5.jpg"},"bgimg_repeat":"no-repeat","gradient_bg_background":"gradient","gradient_bg_color":"#1111116B","gradient_bg_color_stop":{"unit":"%","size":49,"sizes":[]},"gradient_bg_color_b":"#00000094","gradient_bg_color_b_stop":{"unit":"%","size":66,"sizes":[]},"gradient_bg_gradient_angle":{"unit":"deg","size":189,"sizes":[]},"gradient_bg_gradient_position":"top right","icon_bg_color":"#FFFFFF8F","icon_color":"#FFFFFF","__globals__":{"gradient_bg_color":""}},"elements":[],"isInner":false,"widgetType":"rtcl-listing-single-location","elType":"widget"}],"isInner":true,"elType":"column"},{"id":"5c541df8","settings":{"_column_size":25,"_inline_size":null,"_inline_size_tablet":50},"elements":[{"id":"74ba0d7a","settings":{"rtcl_location_style":"style-3","location":"36","height":{"unit":"px","size":250,"sizes":[]},"bgimg_background":"classic","bgimg_image":{"id":2548,"url":"https:\/\/www.radiustheme.com\/demo\/wordpress\/themes\/classima\/wp-content\/uploads\/2023\/04\/4.jpg"},"bgimg_repeat":"no-repeat","gradient_bg_background":"gradient","gradient_bg_color":"#1111116B","gradient_bg_color_stop":{"unit":"%","size":49,"sizes":[]},"gradient_bg_color_b":"#00000094","gradient_bg_color_b_stop":{"unit":"%","size":66,"sizes":[]},"gradient_bg_gradient_angle":{"unit":"deg","size":189,"sizes":[]},"gradient_bg_gradient_position":"top right","icon_bg_color":"#FFFFFF8F","icon_color":"#FFFFFF","__globals__":{"gradient_bg_color":""}},"elements":[],"isInner":false,"widgetType":"rtcl-listing-single-location","elType":"widget"}],"isInner":true,"elType":"column"},{"id":"75605ae0","settings":{"_column_size":25,"_inline_size":null,"_inline_size_tablet":50},"elements":[{"id":"7853a6f6","settings":{"rtcl_location_style":"style-3","location":"50","height":{"unit":"px","size":250,"sizes":[]},"bgimg_background":"classic","bgimg_image":{"id":2549,"url":"https:\/\/www.radiustheme.com\/demo\/wordpress\/themes\/classima\/wp-content\/uploads\/2023\/04\/6.jpg"},"bgimg_repeat":"no-repeat","gradient_bg_background":"gradient","gradient_bg_color":"#1111116B","gradient_bg_color_stop":{"unit":"%","size":49,"sizes":[]},"gradient_bg_color_b":"#00000094","gradient_bg_color_b_stop":{"unit":"%","size":66,"sizes":[]},"gradient_bg_gradient_angle":{"unit":"deg","size":189,"sizes":[]},"gradient_bg_gradient_position":"top right","icon_bg_color":"#FFFFFF8F","icon_color":"#FFFFFF","__globals__":{"gradient_bg_color":""}},"elements":[],"isInner":false,"widgetType":"rtcl-listing-single-location","elType":"widget"}],"isInner":true,"elType":"column"},{"id":"2db97b71","settings":{"_column_size":25,"_inline_size":null,"_inline_size_tablet":50},"elements":[{"id":"4be0e896","settings":{"rtcl_location_style":"style-3","location":"44","height":{"unit":"px","size":250,"sizes":[]},"bgimg_background":"classic","bgimg_image":{"id":2550,"url":"https:\/\/www.radiustheme.com\/demo\/wordpress\/themes\/classima\/wp-content\/uploads\/2023\/04\/city2.jpg"},"bgimg_repeat":"no-repeat","gradient_bg_background":"gradient","gradient_bg_color":"#1111116B","gradient_bg_color_stop":{"unit":"%","size":49,"sizes":[]},"gradient_bg_color_b":"#00000094","gradient_bg_color_b_stop":{"unit":"%","size":66,"sizes":[]},"gradient_bg_gradient_angle":{"unit":"deg","size":189,"sizes":[]},"gradient_bg_gradient_position":"top right","icon_bg_color":"#FFFFFF8F","icon_color":"#FFFFFF","__globals__":{"gradient_bg_color":""}},"elements":[],"isInner":false,"widgetType":"rtcl-listing-single-location","elType":"widget"}],"isInner":true,"elType":"column"}],"isInner":true,"elType":"section"}],"isInner":false,"elType":"column"}],"isInner":false,"elType":"section"},{"id":"6dc62f01","settings":{"background_background":"classic","background_color":"#EEF2F4","padding":{"unit":"px","top":"0","right":"0","bottom":"80","left":"0","isLinked":false}},"elements":[{"id":"67e2abf6","settings":{"_column_size":100,"_inline_size":null},"elements":[{"id":"6aa06bcf","settings":{"title":"Our Pricing and Packages","header_size":"h3","_margin_mobile":{"unit":"px","top":"30","right":"0","bottom":"0","left":"10","isLinked":false},"typography_typography":"custom","typography_font_size":{"unit":"px","size":26,"sizes":[]},"_margin":{"unit":"px","top":"0","right":"0","bottom":"0","left":"10","isLinked":false}},"elements":[],"isInner":false,"widgetType":"heading","elType":"widget"},{"id":"17cf15b7","settings":{"structure":"30"},"elements":[{"id":"46494132","settings":{"_column_size":33,"_inline_size":null,"_inline_size_tablet":50},"elements":[{"id":"77745b4a","settings":{"style":"4","currency":"$","price":"0","unit":" mo","title":"Free Plan","features":"3 Regular Ads\nNo Featured Ads\nNo Top Ads\nNo Ads will be bumped up\nLimited Support","btntext":"Purchase Now","buttonurl":{"url":"#","is_external":"","nofollow":"","custom_attributes":""}},"elements":[],"isInner":false,"widgetType":"rt-pricing-box","elType":"widget"}],"isInner":true,"elType":"column"},{"id":"6bd4c16d","settings":{"_column_size":33,"_inline_size":null,"_inline_size_tablet":50},"elements":[{"id":"38f98954","settings":{"style":"4","currency":"$","price":"39","unit":" mo","title":"Gold","features":"3 Regular Ads\nNo Featured Ads\nNo Top Ads\nNo Ads will be bumped up\nLimited Support","btntext":"Purchase Now","btntype":"page","page":"742"},"elements":[],"isInner":false,"widgetType":"rt-pricing-box","elType":"widget"}],"isInner":true,"elType":"column"},{"id":"585f35e1","settings":{"_column_size":33,"_inline_size":null,"_inline_size_tablet":100,"margin_tablet":{"unit":"%","top":"0","right":"25","bottom":"0","left":"25","isLinked":false},"margin_mobile":{"unit":"%","top":"0","right":"0","bottom":"0","left":"0","isLinked":false}},"elements":[{"id":"35691813","settings":{"style":"4","currency":"$","price":"59","unit":" mo","title":"Business","features":"3 Regular Ads\nNo Featured Ads\nNo Top Ads\nNo Ads will be bumped up\nLimited Support","btntext":"Purchase  Now","buttonurl":{"url":"#","is_external":"","nofollow":"","custom_attributes":""}},"elements":[],"isInner":false,"widgetType":"rt-pricing-box","elType":"widget"}],"isInner":true,"elType":"column"}],"isInner":true,"elType":"section"}],"isInner":false,"elType":"column"}],"isInner":false,"elType":"section"},{"id":"be46d89","settings":{"content_position":"middle","structure":"30","margin":{"unit":"px","top":"0","right":0,"bottom":"0","left":0,"isLinked":false},"padding":{"unit":"px","top":"50","right":"0","bottom":"0","left":"0","isLinked":false},"padding_mobile":{"unit":"px","top":"50","right":"0","bottom":"50","left":"0","isLinked":false}},"elements":[{"id":"7f59824d","settings":{"_column_size":33,"_inline_size":null,"padding":{"unit":"px","top":"10","right":"10","bottom":"0","left":"10","isLinked":false},"_inline_size_tablet":30,"content_position_tablet":"bottom","hide_mobile":"hidden-mobile"},"elements":[{"id":"497970ba","settings":{"image_size":"full","_padding":{"unit":"px","top":"0","right":"0","bottom":"0","left":"0","isLinked":false},"image":{"id":2551,"url":"https:\/\/www.radiustheme.com\/demo\/wordpress\/themes\/classima\/wp-content\/uploads\/2023\/04\/apps_screenshot2.png"}},"elements":[],"isInner":false,"widgetType":"image","elType":"widget"}],"isInner":false,"elType":"column"},{"id":"204820b8","settings":{"_column_size":33,"_inline_size":null,"_inline_size_tablet":40},"elements":[{"id":"24481077","settings":{"editor":"<h2 style=\"color: #222222; font-size: 34px; font-weight: 700;\">Try Our <span style=\"color: #f85c70;\">Classima<\/span> App<\/h2>\nBuy, sell and find just about anything using the app on your mobile.","align":"left","text_color":"#222222","typography_typography":"custom","typography_font_size":{"unit":"px","size":20,"sizes":[]},"align_mobile":"center"},"elements":[],"isInner":false,"widgetType":"text-editor","elType":"widget"}],"isInner":false,"elType":"column"},{"id":"7deb2ec4","settings":{"_column_size":33,"_inline_size":null,"padding":{"unit":"px","top":"10","right":"10","bottom":"10","left":"40","isLinked":false},"_inline_size_tablet":30},"elements":[{"id":"76f7dd9b","settings":{"title":"Get Your App Today","header_size":"h3","title_color":"#222222","typography_typography":"custom","typography_font_size":{"unit":"px","size":18,"sizes":[]},"typography_font_weight":"600","align_mobile":"center"},"elements":[],"isInner":false,"widgetType":"heading","elType":"widget"},{"id":"65f850a3","settings":{"structure":"20"},"elements":[{"id":"1c766e77","settings":{"_column_size":50,"_inline_size":null,"margin":{"unit":"px","top":"0","right":"0","bottom":"0","left":"0","isLinked":false},"padding":{"unit":"px","top":"0","right":"0","bottom":"0","left":"0","isLinked":false}},"elements":[{"id":"53d01c6","settings":{"image_size":"full","align":"left","link_to":"custom","link":{"url":"https:\/\/apps.apple.com\/app\/classima-classified-ads\/id1609365955","is_external":"on","nofollow":"on","custom_attributes":""},"image":{"id":2552,"url":"https:\/\/www.radiustheme.com\/demo\/wordpress\/themes\/classima\/wp-content\/uploads\/2023\/04\/download_logo1.jpg"},"align_mobile":"center"},"elements":[],"isInner":false,"widgetType":"image","elType":"widget"}],"isInner":true,"elType":"column"},{"id":"1b2b3c9b","settings":{"_column_size":50,"_inline_size":null,"margin":{"unit":"px","top":"0","right":"0","bottom":"0","left":"0","isLinked":false},"padding":{"unit":"px","top":"0","right":"0","bottom":"0","left":"0","isLinked":false}},"elements":[{"id":"510eb872","settings":{"image_size":"full","align":"left","link_to":"custom","link":{"url":"https:\/\/play.google.com\/store\/apps\/details?id=com.classima.radiustheme","is_external":"on","nofollow":"on","custom_attributes":""},"_margin":{"unit":"px","top":"0","right":"0","bottom":"0","left":"10","isLinked":false},"image":{"id":2553,"url":"https:\/\/www.radiustheme.com\/demo\/wordpress\/themes\/classima\/wp-content\/uploads\/2023\/04\/playstore_2x.jpg"},"align_mobile":"center","_margin_mobile":{"unit":"px","top":"10","right":"0","bottom":"0","left":"0","isLinked":false}},"elements":[],"isInner":false,"widgetType":"image","elType":"widget"}],"isInner":true,"elType":"column"}],"isInner":true,"elType":"section"}],"isInner":false,"elType":"column"}],"isInner":false,"elType":"section"}],"page_settings":[],"version":"0.4","title":"home 10","type":"page"}